{
  "average_document_length": {
    "characters": 16.75091942494149,
    "genres": 84.84052156469409,
    "descriptions": 166.9866265463056
  },
  "document_count": 2991
}