representation,model,imbalance_strategy,test_predict_seconds,test_accuracy,test_macro_precision,test_macro_recall,test_macro_f1,test_micro_f1,model_label
Sentence embedding,kNN,random_oversample,0.07167506217956543,0.7154255319148937,0.6618932285815824,0.7181310162008254,0.6766610902720762,0.7154255319148938,"Sentence embedding
kNN"
Sentence embedding,MLP,random_oversample,0.005904436111450195,0.726063829787234,0.6667940715728796,0.6707506045654095,0.6663015785680461,0.726063829787234,"Sentence embedding
MLP"
Sentence embedding,Logistic Regression,random_oversample,0.002277851104736328,0.6861702127659575,0.6296552926235534,0.6325320425082424,0.6305132610405817,0.6861702127659575,"Sentence embedding
Logistic Regression"
TF-IDF,MultinomialNB,random_oversample,0.00047326087951660156,0.6196808510638298,0.5746211187130263,0.614423195921493,0.5867235774821488,0.6196808510638298,"TF-IDF
MultinomialNB"
Sentence embedding,GaussianNB,random_oversample,0.020431041717529297,0.6356382978723404,0.5720607670617441,0.5876271180823233,0.5732941691493175,0.6356382978723404,"Sentence embedding
GaussianNB"
TF-IDF-dense,MLP,random_oversample,0.008163213729858398,0.6037234042553191,0.6027529838762253,0.5325498139455117,0.556705674908616,0.6037234042553191,"TF-IDF-dense
MLP"
TF-IDF,Logistic Regression,random_oversample,0.0002827644348144531,0.5877659574468085,0.5522147117166668,0.5681102378455739,0.5561444362837614,0.5877659574468085,"TF-IDF
Logistic Regression"
TF-IDF,kNN,random_oversample,0.06766605377197266,0.5691489361702128,0.5309784338814988,0.583954067536454,0.5470876830135946,0.5691489361702128,"TF-IDF
kNN"
